actor_2_name,actor_1_name,Actor One Gender,Actor Two Gender
Rory Kinnear,Christoph Waltz,female,female
Christian Bale,Tom Hardy,male,female
Donna Murphy,Brad Garrett,male,male
Robert Downey Jr.,Chris Hemsworth,male,male
Daniel Radcliffe,Alan Rickman,male,male
Lauren Cohan,Henry Cavill,male,female
Marlon Brando,Kevin Spacey,male,female
Mathieu Amalric,Giancarlo Giannini,male,male
Ruth Wilson,Johnny Depp,male,male
Christopher Meloni,Henry Cavill,male,female
Pierfrancesco Favino,Peter Dinklage,male,female
Robert Downey Jr.,Chris Hemsworth,male,male
Sam Claflin,Johnny Depp,male,female
Michael Stuhlbarg,Will Smith,male,female
Andrew Garfield,Emma Stone,female,female
William Hurt,Mark Addy,female,male
Eva Green,Christopher Lee,female,male
Thomas Kretschmann,Naomi Watts,male,male
Kate Winslet,Leonardo DiCaprio,male,male
Scarlett Johansson,Robert Downey Jr.,male,male
Judy Greer,Bryce Dallas Howard,male,male
Helen McCrory,Albert Finney,female,female
Alan Rickman,Johnny Depp,male,male
Kelsey Grammer,Hugh Jackman,male,male
Andrew Garfield,Emma Stone,female,female
Olivia Wilde,Jeff Bridges,male,female
Thomas Kretschmann,Joe Mantegna,male,male
Temuera Morrison,Ryan Reynolds,female,male
Bryce Dallas Howard,Christian Bale,female,male
Paul Walker,Jason Statham,male,male
Peter Dinklage,Jennifer Lawrence,male,male
Bruce Greenwood,Benedict Cumberbatch,female,male
Ewen Bremner,Eddie Marsan,female,male
Elizabeth Debicki,Leonardo DiCaprio,male,female
Ray Winstone,Harrison Ford,male,female
Colin Firth,Robin Wright,male,male
Mila Kunis,Channing Tatum,female,male
Michael Fassbender,Jennifer Lawrence,male,male
Heath Ledger,Christian Bale,female,female
Rainn Wilson,Amy Poehler,male,male
Jeff Bridges,Robert Downey Jr.,male,male
Salma Hayek,Will Smith,male,female
Brendan Fraser,Jet Li,male,male
Mindy Kaling,Amy Poehler,male,female
Bill Murray,Scarlett Johansson,male,female
Scarlett Johansson,Robert Downey Jr.,male,male
Sharlto Copley,Angelina Jolie Pitt,male,female
Judy Greer,Gary Oldman,male,male
Alice Englert,Tamsin Egerton,male,male
Chris Evans,Scarlett Johansson,male,male
Kathy Griffin,Jon Hamm,male,female
Daniel Henney,Damon Wayans Jr.,female,male
Sarah Silverman,Jack McBrayer,male,female
America Ferrera,Gerard Butler,female,male
M.C. Gainey,Nick Stahl,male,male
Anne Hathaway,Matthew McConaughey,male,male
Tom Hardy,Leonardo DiCaprio,male,male
Jason Flemyng,Brad Pitt,male,male
Michael Fassbender,Jennifer Lawrence,male,male
Philip Seymour Hoffman,Jennifer Lawrence,male,male
Omar Benson Miller,Nicolas Cage,male,female
Mike Vogel,Jimmy Bennett,male,male
Alan Rickman,Johnny Depp,male,male
Eric Idle,Justin Timberlake,male,male
Emilia Clarke,J.K. Simmons,male,male
Jaime King,Jennifer Garner,female,male
Angelina Jolie Pitt,Anthony Hopkins,male,male
Daniel Radcliffe,Robert Pattinson,male,male
Daniel Radcliffe,Robert Pattinson,male,male
Charlize Theron,Will Smith,male,male
Alice Braga,Will Smith,male,female
Christopher Lee,Johnny Depp,male,female
Liam Neeson,Christian Bale,female,female
Jada Pinkett Smith,Bernie Mac,male,male
Ryan Reynolds,Hugh Jackman,male,female
Maurice LaMarche,Josh Gad,male,male
Natalie Portman,Chris Hemsworth,male,male
Charlize Theron,Tom Hardy,male,male
Natalie Portman,Chris Hemsworth,male,male
Oprah Winfrey,Matthew Broderick,female,male
Gary Oldman,Angelina Jolie Pitt,male,male
Noah Ringer,Seychelle Gabriel,male,female
Jake Weber,Channing Tatum,female,male
Dan Fogler,Elisabeth Harnois,male,male
Kate Winslet,Hugh Jackman,male,male
Cara Delevingne,Hugh Jackman,male,female
Martin Short,Jada Pinkett Smith,male,male
Colin Salmon,Toby Stephens,male,male
Kate McKinnon,Ed Begley Jr.,female,male
Rosario Dawson,Will Smith,male,female
Anthony Hopkins,Robin Wright,male,male
Angelina Jolie Pitt,J.K. Simmons,male,male
Leonard Nimoy,Chris Hemsworth,male,male
Djimon Hounsou,Gerard Butler,female,male
Joe Morton,Sam Shepard,female,male
Dwayne Johnson,Channing Tatum,female,male
Rainn Wilson,Matthew McConaughey,male,male
Penelope Wilton,Mark Rylance,male,male
Tom Hardy,Leonardo DiCaprio,male,male
Snoop Dogg,Ryan Reynolds,female,male
Ray Winstone,Johnny Depp,male,female
Annet Mahendru,Benedict Cumberbatch,female,male
Josh Hutcherson,Jennifer Lawrence,male,female
Andre Braugher,Angelina Jolie Pitt,male,male
Emma Watson,Anthony Hopkins,male,female
Mackenzie Crook,Toby Jones,female,female
Gary Oldman,Daniel Radcliffe,male,male
D.B. Sweeney,Alfre Woodard,male,male
Brad Pitt,J.K. Simmons,male,male
Jeff Bridges,Ryan Reynolds,female,male
Toby Jones,Rupert Grint,male,female
Philip Seymour Hoffman,Jennifer Lawrence,male,male
Bruce Davison,Hugh Jackman,male,male
Eddie Marsan,Robert Downey Jr.,male,female
Jason Flemyng,Liam Neeson,female,male
Rachel Ticotin,Ronny Cox,male,female
Scott Glenn,Jeremy Renner,male,male
Dennis Quaid,Jake Gyllenhaal,male,female
Mary Elizabeth Mastrantonio,Karen Allen,male,male
Ioan Gruffudd,Chris Evans,male,male
Rafe Spall,Suraj Sharma,male,male
Matt Long,Nicolas Cage,male,male
Riz Ahmed,Matt Damon,female,female
Charlize Theron,Michael Fassbender,male,male
Brad Garrett,Nathan Lane,male,male
Sharlto Copley,Matt Damon,female,female
Abbie Cornish,Gary Oldman,male,male
Christopher Lee,Natalie Portman,male,female
Christopher Lee,Natalie Portman,male,female
Liam Neeson,Natalie Portman,male,female
Emma Stone,Ryan Reynolds,female,female
Sam Claflin,Chris Hemsworth,male,female
Danny Woodburn,Noel Fisher,male,female
Noel Fisher,Stephen Amell,male,male
Reg E. Cathey,Tim Blake Nelson,male,female
Ioan Gruffudd,Dwayne Johnson,male,male
Adam Baldwin,Heath Ledger,female,male
Julia Roberts,Brad Pitt,male,male
Angelina Jolie Pitt,Brad Pitt,male,male
Theo James,Kate Winslet,male,female
Adam Scott,Leonardo DiCaprio,male,female
Sullivan Stapleton,Eva Green,male,male
Roseanne Barr,Steve Buscemi,male,female
Theo James,Naomi Watts,male,female
Temuera Morrison,Jason Patric,female,male
Steve Coogan,Jim Broadbent,male,male
Jada Pinkett Smith,Will Smith,male,male
Bruce Greenwood,Will Smith,male,male
Nathan Lane,Chazz Palminteri,male,male
Donald Glover,Matt Damon,female,male
Steve Buscemi,Scarlett Johansson,male,male
Angelina Jolie Pitt,Nicolas Cage,male,male
Rupert Grint,Daniel Radcliffe,male,male
Tobias Menzies,Eva Green,male,female
Christian Bale,Johnny Depp,male,female
Ramon Rodriguez,Denzel Washington,male,female
Will Ferrell,Dwayne Johnson,male,female
Christoph Waltz,Leonardo DiCaprio,male,female
Ed Speleers,Djimon Hounsou,male,female
Cara Delevingne,Hugh Jackman,male,female
Angelina Jolie Pitt,Johnny Depp,male,male
Djimon Hounsou,Leonardo DiCaprio,male,male
Matthew McConaughey,Leonardo DiCaprio,male,male
Rufus Sewell,Dwayne Johnson,male,male
Anna Friel,Will Ferrell,female,male
Benjamin Walker,Chris Hemsworth,male,male
Randy Quaid,Rosario Dawson,female,female
Brendan Fraser,Dwayne Johnson,male,male
Liam Neeson,Leonardo DiCaprio,male,female
Zooey Deschanel,Jeff Bridges,male,male
Sam Shepard,Ioan Gruffudd,male,female
Thomas Middleditch,Will Ferrell,female,male
Josh Gad,Peter Dinklage,male,male
AJ Michalka,Michael Imperioli,male,male
Djimon Hounsou,Jeff Bridges,male,male
Noah Taylor,Angelina Jolie Pitt,male,male
Trevor Morgan,Michael Jeter,male,female
Marc Blucas,Dennis Quaid,female,female
Frank Langella,Christopher Masterson,female,female
Rosario Dawson,Logan Lerman,male,female
Rip Torn,Will Smith,male,male
Rosario Dawson,Denzel Washington,male,female
Amber Valletta,Harrison Ford,male,male
Adrian Martinez,Adam Scott,female,female
LL Cool J,Bill Murray,female,male
Matt Damon,Leonardo DiCaprio,male,female
Steve Coogan,Robert Downey Jr.,male,male
Eddie Marsan,Robert Downey Jr.,male,female
Jim Varney,Leonard Nimoy,male,male
Adam Sandler,Peter Dinklage,male,male
William Hurt,Haley Joel Osment,male,male
Tom Skerritt,Matthew McConaughey,male,female
Kim Dickens,Greg Grunberg,male,male
Angelina Jolie Pitt,Gerard Butler,female,male
Stephen Dillane,Brad Pitt,male,male
Wanda Sykes,Anne Hathaway,male,male
Anne Heche,Don Cheadle,female,female
Brad Pitt,Harrison Ford,male,male
Christian Camargo,Liam Neeson,female,male
Reg E. Cathey,Tim Blake Nelson,male,female
Bruce McGill,Paddy Considine,male,male
Nathan Lane,Shirley Henderson,male,male
Michael Angarano,Jeff Bridges,male,female
Alan Ruck,Philip Seymour Hoffman,male,male
Joan Allen,Matt Damon,female,male
Gary Oldman,Harrison Ford,male,male
Bernie Mac,Brad Pitt,male,male
Logan Lerman,Milla Jovovich,female,male
Adam Sandler,Steve Buscemi,male,male
Ryan Reynolds,Denzel Washington,male,female
Eric Idle,Ioan Gruffudd,male,male
Gabourey Sidibe,Matthew Broderick,female,female
Rufus Sewell,Kate Winslet,male,male
Jake Busey,Will Smith,male,male
Hunter Parrish,Meryl Streep,female,female
Matt Damon,Al Pacino,male,female
Theo James,Kate Winslet,male,female
Rosario Dawson,Dwayne Johnson,male,female
Tom Noonan,F. Murray Abraham,male,female
Imelda Staunton,Jim Broadbent,male,female
Brad Pitt,Anthony Hopkins,male,male
Ben Vereen,Roy Scheider,female,male
Nathan Lane,Julia Roberts,male,male
Kieran Culkin,Anna Kendrick,female,male
Janet Jackson,Larry Miller,male,female
Linda Cardellini,Sarah Michelle Gellar,female,male
Jason Cope,Wood Harris,female,male
Jake Gyllenhaal,Robert Downey Jr.,male,male
Michael Rapaport,Robert Duvall,male,male
Josh Hutcherson,Jennifer Lawrence,male,female
Julia Roberts,Steve Buscemi,male,male
Jesse McCartney,Amy Poehler,male,male
Adam Sandler,Steve Buscemi,male,male
Dwayne Johnson,Bill Murray,female,male
Carmen Electra,Adam Sandler,male,male
Bailee Madison,Adam Sandler,male,male
Ethan Embry,Rosario Dawson,female,male
Natalie Portman,Philip Seymour Hoffman,male,male
Mila Kunis,Denzel Washington,male,male
Henry Czerny,Roger Rees,male,female
Jon Hamm,Keanu Reeves,female,male
Logan Lerman,Brad Pitt,male,male
Anne Heche,Harrison Ford,male,female
Tom Cavanagh,Justin Timberlake,male,female
Leslie Bibb,Rosario Dawson,female,female
William Hurt,Gary Oldman,male,male
Adam Sandler,Steve Buscemi,male,male
Alan Young,Mark Addy,female,female
Mika Boorem,Charlize Theron,male,male
Don Cheadle,Hugh Jackman,male,female
Nick Chinlund,Michael Emerson,female,male
Heath Ledger,Matt Damon,female,female
Martin Short,Natalie Portman,male,male
Jon Foster,Bruce Greenwood,male,female
Jenna Elfman,Brendan Fraser,male,female
Gerard Butler,Paul Walker,male,female
Elizabeth Daily,Adam Goldberg,male,male
Nathan Lane,Matthew Broderick,female,male
Dwayne Johnson,Josh Hutcherson,female,male
Anthony Hopkins,Philip Seymour Hoffman,male,male
Viggo Mortensen,J.K. Simmons,male,male
Adam Sandler,Al Pacino,male,male
Veronica Cartwright,Roger Rees,male,male
Adam Baldwin,Will Smith,male,male
Danny Huston,Charlie Hunnam,female,female
Tyler Mane,Hugh Jackman,male,male
Michael Biehn,Nicolas Cage,male,male
Elijah Kelley,Jerry Stiller,female,female
Adam Sandler,Steve Buscemi,male,male
Jennifer Hudson,Loretta Devine,female,female
Brent Sexton,Adam Arkin,male,female
Christina Milian,Dwayne Johnson,male,female
Lisa Ann Walter,Tom Selleck,male,male
Elizabeth Debicki,Henry Cavill,male,female
Jon Heder,Steve Buscemi,male,male
Ben Cross,Julia Ormond,male,male
Daniel Sharman,Henry Cavill,male,male
Bruce Greenwood,Harrison Ford,male,male
Kiernan Shipka,Christopher Meloni,female,male
Bridget Fonda,Brendan Fraser,male,male
Tony Curran,Dennis Quaid,female,female
Jon Hamm,Steve Carell,female,male
Abbie Cornish,Jon Hamm,male,male
Mike Starr,Nicolas Cage,male,female
Josh Gad,Peter Dinklage,male,male
Ray Winstone,Matthew McConaughey,male,female
RZA,Adam Sandler,male,male
Frances Fisher,Jennifer Garner,female,male
Leslie Bibb,Will Ferrell,female,female
Brian Geraghty,Jake Gyllenhaal,male,female
Yeardley Smith,Albert Brooks,female,male
Judy Greer,Bryce Dallas Howard,male,male
Merritt Wever,Rory Culkin,male,female
Christopher Meloni,Julia Roberts,male,female
Brad Pitt,Michael Fassbender,male,male
Rufus Sewell,Dwayne Johnson,male,male
Marc Blucas,Jon Hamm,male,female
Jonathan Frakes,LeVar Burton,female,female
Alison Lohman,Steve Buscemi,male,male
Peter Gerety,David Hyde Pierce,male,male
Benedict Cumberbatch,Jeremy Irvine,male,female
Matt Damon,Bill Murray,female,female
Mako,Brad Pitt,male,male
Clint Howard,Channing Tatum,female,male
Stephen Rea,Theo James,female,male
Chris Klein,LL Cool J,male,male
Sandrine Holt,Talisa Soto,female,female
Rip Torn,Al Pacino,male,male
Simon McBurney,Leonardo DiCaprio,male,male
Kevin McNally,Will Patton,female,female
Mitch Pileggi,Martin Landau,male,male
Rachel Ticotin,Ronny Cox,male,female
Aisha Tyler,Judge Reinhold,male,male
Adam Scott,Will Ferrell,female,female
RZA,Robert Downey Jr.,male,male
Courtney B. Vance,Clint Eastwood,male,male
Samantha Mathis,Delroy Lindo,male,male
Jay Hernandez,Nicolas Cage,male,female
Kirsten Dunst,Julia Roberts,male,female
Adrian Martinez,Will Smith,male,female
Abigail Spencer,Tom Hardy,male,female
Natasha Lyonne,Ryan Reynolds,female,male
Adrian Lester,Maura Tierney,male,female
Boris Kodjoe,Milla Jovovich,female,male
Craig Bierko,Melina Kanakaredes,male,male
Alun Armstrong,Pamela Reed,female,female
Meat Loaf,Brad Pitt,male,female
James Nesbitt,Jason Flemyng,male,male
Barney Clark,Ian McNeice,male,male
Kristin Scott Thomas,Harrison Ford,male,male
Martin Henderson,Michael Kelly,male,male
Josh Zuckerman,Verne Troyer,male,male
Charlize Theron,Nicolas Cage,male,male
Brittany Daniel,Chazz Palminteri,male,female
Thomas Kretschmann,Matthew McConaughey,male,male
Romany Malco,Justin Timberlake,male,male
Amy Poehler,Will Ferrell,female,male
Michael Fassbender,Gerard Butler,female,male
Sela Ward,Patrick Fugit,male,female
Patrick Fischler,Denzel Washington,male,male
Charlize Theron,Jason Statham,male,male
Tom Welling,Taylor Lautner,female,male
Don Cheadle,Nicolas Cage,male,female
Dennis Quaid,Al Pacino,male,female
Kristin Scott Thomas,Scarlett Johansson,male,male
Roger Rees,Dwayne Johnson,male,male
Jay Hernandez,Billy Burke,male,female
Michael Rapaport,LL Cool J,male,male
Alan Ruck,Zooey Deschanel,male,male
Radha Mitchell,Denzel Washington,male,male
Joel David Moore,Robert Downey Jr.,male,female
Carmen Electra,Snoop Dogg,male,male
Harvey Korman,Jim Belushi,female,female
Kathleen Quinlan,Robert Duvall,male,male
Stockard Channing,Joe Mantegna,male,female
Matthew Broderick,Emma Watson,female,female
Oliver Hudson,Bianca Kajlich,male,male
Debi Mazar,Romany Malco,male,female
Radha Mitchell,Gerard Butler,female,male
Dee Bradley Baker,Isaac Hempstead Wright,male,female
Gerard Butler,Christian Bale,female,female
Harry Lennix,Robin Wright,male,male
Gary Oldman,Dwayne Johnson,male,male
LeVar Burton,Tom Hardy,male,female
Ray Winstone,Bojana Novakovic,male,female
Will Smith,Matt Damon,female,male
Zooey Deschanel,Philip Seymour Hoffman,male,male
Roger Rees,Bill Murray,female,male
Robert Downey Jr.,Chris Hemsworth,male,male
William Hurt,Matt Bomer,male,male
Kevin Zegers,Aidan Turner,female,male
Adam Goldberg,Matthew McConaughey,male,male
Stephen Graham,Brendan Fraser,male,male
Jaime King,Scarlett Johansson,male,male
Olivia Munn,Johnny Depp,male,male
Mike Dopud,Jason Statham,male,female
Ed Skrein,Ryan Reynolds,female,male
Leonard Roberts,Bradley Cooper,male,female
Dylan Minnette,Odeya Rush,male,female
Adam Sandler,Taylor Lautner,female,male
Boris Kodjoe,Milla Jovovich,female,male
Nate Parker,David Oyelowo,male,female
Kristin Davis,Chris Noth,male,male
Al Pacino,Keanu Reeves,female,male
Leighton Meester,Adam Sandler,male,female
Don Cheadle,Salma Hayek,female,female
Noureen DeWulf,Barry Corbin,male,male
Ashley Scott,Dwayne Johnson,male,male
James Coburn,Jada Pinkett Smith,male,male
Michael Rapaport,Will Smith,male,male
Abraham Benrubi,Brendan Fraser,male,male
Thomas Ian Nicholas,Alyson Hannigan,female,male
Frances Conroy,Bob Hoskins,male,male
Viggo Mortensen,Denzel Washington,male,male
Kurt Fuller,Will Smith,male,male
Michael Irby,Erika Christensen,male,male
Andre Braugher,Nicolas Cage,male,male
Matt Lucas,Julie Walters,female,male
Maura Tierney,Anthony Hopkins,male,male
Maura Tierney,Will Ferrell,female,male
Michael Kelly,Angelina Jolie Pitt,male,male
Minnie Driver,Gerard Butler,female,female
Bruce Boxleitner,Billy Campbell,female,male
Tina Fey,Ty Burrell,male,male
Philip Winchester,Sophia Myles,female,male
Peter Gallagher,Eric Dane,female,female
Thomas Kretschmann,Norman Reedus,male,male
Rosario Dawson,Will Smith,male,female
Joe Mantegna,Al Pacino,male,male
Anthony Hopkins,Kate Winslet,male,male
Kelsey Grammer,Kirsten Dunst,female,male
Benedict Cumberbatch,Johnny Depp,male,female
Leslie Bibb,Gerard Butler,female,female
Kimberly Elise,Oprah Winfrey,male,female
Robert Duvall,Robert Downey Jr.,male,male
Meryl Streep,Colin Firth,male,female
Taylor Lautner,Bradley Cooper,male,female
Miranda Otto,Nick Stahl,male,male
Olivia Wilde,Ryan Reynolds,female,female
Mako,Jaime King,male,male
Wanda Sykes,Rob Paulsen,male,male
Jorge Garcia,Matthew Broderick,female,male
Michael Kelly,Matt Damon,female,male
Seth MacFarlane,Mila Kunis,male,male
Will Ferrell,Harrison Ford,male,female
Adam Sandler,Steve Buscemi,male,male
AJ Michalka,Joel Courtney,male,male
Albert Finney,Julia Roberts,male,female
Adam Goldberg,Matthew McConaughey,male,male
Craig Roberts,Channing Tatum,female,female
Zooey Deschanel,Bradley Cooper,male,male
Thomas Kretschmann,Dwayne Johnson,male,male
Liam Aiken,Julia Roberts,male,male
Linda Cardellini,Will Ferrell,female,male
Meryl Streep,Johnny Depp,male,female
James Ransone,Denzel Washington,male,male
Matt Damon,Scarlett Johansson,male,female
Ben Mendelsohn,Nicolas Cage,male,male
Matthew McConaughey,Bradley Cooper,male,male
Emma Stone,Ryan Gosling,female,female
Cheech Marin,Jamie Lee Curtis,male,male
Robin Wright,Philip Seymour Hoffman,male,male
Nate Parker,Liam Neeson,female,female
Billy Brown,Dwayne Johnson,male,female
Eddie Marsan,Natalie Portman,male,female
Gemma Jones,Bernard Hill,male,male
Thomas Lennon,Scoot McNairy,male,male
Derek Mears,Jeremy Renner,male,male
Erik Per Sullivan,Olivier Martinez,male,male
Amr Waked,Matt Damon,female,male
James Badge Dale,Toby Stephens,male,male
Harrison Ford,Jimmy Bennett,male,male
Deborah Kara Unger,Radha Mitchell,male,female
Dania Ramirez,Alyson Hannigan,female,male
Robert Duvall,Robert Downey Jr.,male,male
Thomas Kretschmann,Milla Jovovich,female,male
Jim Broadbent,Colin Firth,male,male
Kristin Davis,Taylor Lautner,female,male
Virginie Ledoyen,Leonardo DiCaprio,male,male
Kelly Preston,J.K. Simmons,male,male
Judy Greer,Emma Stone,female,male
Jay Mohr,Matt Damon,female,female
Chris Penn,Ryan Gosling,female,female
Anjelica Huston,Clint Eastwood,male,male
Valeria Golino,Steve Buscemi,male,female
Anjelica Huston,Bill Murray,female,male
Kate Winslet,Kevin Spacey,male,male
Vanessa Ferlito,Christina Milian,female,male
Common,Liam Neeson,female,male
Naomi Watts,Viggo Mortensen,male,male
Zooey Deschanel,Natalie Portman,male,male
Gregory Smith,Naomi Watts,male,male
Lara Flynn Boyle,Joe Mantegna,male,male
Robert Duvall,Gary Oldman,male,male
Ty Burrell,Naomi Watts,male,male
Tony Curran,Julie Benz,male,female
Chazz Palminteri,Michael Biehn,male,male
Logan Lerman,Gerard Butler,female,male
Zoey Deutch,Alden Ehrenreich,female,male
Will Ferrell,Milla Jovovich,female,female
Linda Fiorentino,Judy Greer,male,male
Billy Burke,Nicolas Cage,male,male
Robin Shou,Chris Klein,male,male
Jet Li,Jason Statham,male,male
Graham McTavish,Tobias Menzies,female,male
Julian Glover,Harrison Ford,male,male
Sharlto Copley,Hugh Jackman,male,female
Angelina Jolie Pitt,Denzel Washington,male,male
Jamie Kennedy,Judy Greer,male,male
Jeff Bridges,Kevin Spacey,male,male
Natasha Lyonne,Hugh Jackman,male,male
Bob Hoskins,Nicolas Cage,male,male
Logan Lerman,Christian Bale,female,male
Albert Brooks,Don Cheadle,female,female
Adam Garcia,Rosie Perez,male,female
George Carlin,Sarah Michelle Gellar,female,male
Christopher Masterson,Julia Roberts,male,female
Rainn Wilson,Julia Roberts,male,male
Maura Tierney,Al Pacino,male,male
Alfre Woodard,LeVar Burton,female,male
Matt Damon,Denzel Washington,male,female
Swoosie Kurtz,Maura Tierney,male,male
Luke Grimes,Liam Neeson,female,female
Pamela Anderson,Regina Hall,male,male
Wendy Raquel Robinson,Candice Bergen,male,male
Brendan Fraser,Josh Hutcherson,female,male
Julia Roberts,Denzel Washington,male,male
Anthony LaPaglia,Bradley Whitford,male,female
Jane Fonda,Adam Scott,female,male
Jake Gyllenhaal,Hugh Jackman,male,male
Snoop Dogg,Denzel Washington,male,male
Enrico Colantoni,Alan Rickman,male,female
Veronica Cartwright,Natasha Lyonne,male,male
Rick Gonzalez,Channing Tatum,female,male
Tyra Banks,Adam Garcia,female,male
Liam Neeson,Colin Firth,male,female
Jason Flemyng,Johnny Depp,male,male
Cheech Marin,Don Johnson,male,male
Will Ferrell,Josh Hutcherson,female,female
Kelly Macdonald,Zooey Deschanel,male,female
Nick Zano,Dania Ramirez,male,male
Mike Epps,Milla Jovovich,female,male
Adam Sandler,Bella Thorne,male,male
Alicia Witt,LL Cool J,male,male
Vincent Kartheiser,Steve Coogan,male,male
Natalie Imbruglia,Kevin McNally,female,male
Meryl Streep,Nicolas Cage,male,female
T.V. Carpio,Jim Sturgess,female,male
Kate Winslet,Leonardo DiCaprio,male,male
Bob Gunton,Alexa PenaVega,male,male
Jason Cope,Wood Harris,female,male
Bob Hoskins,Anthony Hopkins,male,male
Jason Flemyng,Djimon Hounsou,male,male
Larry Miller,Jerry Stiller,female,male
Scoot McNairy,Clea DuVall,male,male
Daniel Roebuck,Harrison Ford,male,male
Tony Curran,Sophia Myles,female,female
Viggo Mortensen,Steve Buscemi,male,male
Charlie Tahan,Augustus Prew,male,male
Tony Goldwyn,Jason Statham,male,male
Miranda Richardson,Imelda Staunton,female,male
Reggie Lee,Salma Hayek,female,male
Will Patton,Debra Messing,male,female
Talisa Soto,Robert Davi,female,female
Billy Burke,Gary Oldman,male,male
Fisher Stevens,Bob Hoskins,male,male
Debbie Reynolds,Fisher Stevens,male,male
Rufus Sewell,Heath Ledger,female,male
Lee Evans,Julian Sands,male,female
Christian Bale,Jennifer Lawrence,male,female
Luke Grimes,Jennifer Ehle,male,female
Matthew McConaughey,Kevin Spacey,male,male
Alyson Stoner,Tom Welling,male,male
Scott Elrod,Jerry Ferrara,male,male
Alison Brie,Will Ferrell,female,male
Anthony Hopkins,Keanu Reeves,female,male
Mary Lynn Rajskub,Meryl Streep,female,female
Christopher Meloni,Harrison Ford,male,female
Matt Damon,Philip Seymour Hoffman,male,female
Bruce Greenwood,Paul Walker,male,male
Terry Kinney,Wes Studi,female,female
Curtis Armstrong,Bokeem Woodbine,female,male
Bruce McGill,Jason Alexander,male,male
Brad Pitt,J.K. Simmons,male,male
Hunter Parrish,Matthew Perry,female,female
Kate Upton,Don Johnson,male,female
David Keith,Joaquim de Almeida,male,female
Nick Cannon,Lisa Ann Walter,male,female
Denis Leary,Kirsten Dunst,female,male
Margarita Levieva,Matthew McConaughey,male,male
Frank Langella,Liam Neeson,female,female
Hugh Jackman,Christian Bale,female,male
Christoph Waltz,Kevin Spacey,male,female
Alice Braga,Topher Grace,female,female
Debra Winger,Brian Dennehy,female,female
Dylan Walsh,Keanu Reeves,female,male
Odeya Rush,Jennifer Garner,female,male
Dean Stockwell,Matt Damon,female,male
Sam Trammell,J.K. Simmons,male,male
Scott Porter,Brad Garrett,male,female
Aimee Teegarden,Alison Brie,male,male
Celia Weston,Adam Arkin,male,female
Burt Young,Jeanne Tripplehorn,male,male
Haley Joel Osment,Kevin Spacey,male,male
KaDee Strickland,Jimmy Fallon,female,female
Charlize Theron,Liam Neeson,female,male
Jimmy Smits,Rufus Sewell,male,male
Temuera Morrison,Marlon Brando,female,male
Justin Chambers,Catherine Deneuve,male,male
Scarlett Johansson,Natalie Portman,male,male
Charlize Theron,Keanu Reeves,female,male
Cliff Robertson,Ed Begley Jr.,female,male
Nathan Lane,Mira Sorvino,male,male
Jay Hernandez,Dane Cook,male,female
Martin Landau,Al Pacino,male,male
Shirley Henderson,Kirsten Dunst,female,male
Michael Rapaport,Nicolas Cage,male,male
Meryl Streep,Bill Murray,female,female
Stockard Channing,Angelina Jolie Pitt,male,female
Tim Blake Nelson,Ted Danson,male,male
Treat Williams,Alexa PenaVega,male,female
Salma Hayek,Josh Hutcherson,female,female
Dennis Quaid,Norman Reedus,male,female
Benedict Wong,Chris Evans,male,male
Anne Bancroft,Eric Idle,male,male
Mark Rylance,Ray Winstone,female,male
Aaron Yoo,Sarah Roemer,female,male
Fisher Stevens,Angelina Jolie Pitt,male,male
Kuno Becker,Jay Hernandez,female,female
Ewen Bremner,Chris Evans,male,male
Bai Ling,Michael Wincott,male,female
Sean Maher,Adam Baldwin,male,male
Mary Lynn Rajskub,Ethan Embry,male,female
John Michael Higgins,Gerard Butler,female,male
Alexa PenaVega,Steve Buscemi,male,male
Alan Ruck,LeVar Burton,female,male
Christoph Waltz,Robert Pattinson,male,female
Vincent Pastore,Denzel Washington,male,male
Jeff Kober,Bill Cobbs,male,male
Anne Bancroft,Sarah Silverman,female,male
Shirley Knight,Sonia Braga,male,female
Frank Langella,Johnny Depp,male,female
Dagmara Dominczyk,Beth Grant,female,male
Toby Jones,Bill Murray,female,female
Nicole Beharie,Dennis Quaid,female,female
Jon Hamm,Jeremy Renner,male,male
Dennis Quaid,Anna Kendrick,female,female
Brad Pitt,J.K. Simmons,male,male
Olivia Wilde,Chris Hemsworth,male,female
Neil Flynn,Patton Oswalt,male,male
Damon Wayans Jr.,Alison Brie,male,female
Laura Harring,Denzel Washington,male,male
M.C. Gainey,Kathleen Quinlan,male,male
Bradley Cooper,Emma Stone,female,male
Virginia Madsen,Alexa PenaVega,male,male
Reeve Carney,Rick Yune,female,male
Xander Berkeley,Blair Underwood,male,male
Nathan Lane,Stockard Channing,female,male
Kenan Thompson,Cheryl Hines,female,male
Dylan Baker,Bernie Mac,male,male
Rob Riggle,Bradley Cooper,male,male
Verne Troyer,Muse Watson,male,male
Cheech Marin,Alexa PenaVega,male,male
Lindsay Sloane,Kevin Spacey,male,male
Jeff Bridges,Matt Damon,female,male
Anne Hathaway,Meryl Streep,female,male
Nichelle Nichols,Leonard Nimoy,male,male
Jim Sturgess,Kevin Spacey,male,female
Randall Park,Amy Schumer,male,male
Nicole Sullivan,Bernie Mac,male,male
Kristin Scott Thomas,Colin Firth,male,male
Kelly Preston,Michael Angarano,female,male
Marg Helgenberger,Natasha Henstridge,female,male
Lin Shaye,Johnny Depp,male,male
Jake Weber,Dylan Baker,male,male
Kevin Connolly,Scott Glenn,male,female
Sarah Michelle Gellar,Chris Evans,male,female
Riley Smith,Alfre Woodard,male,female
Justin Timberlake,Mila Kunis,male,male
Delroy Lindo,Denzel Washington,male,male
Maude Apatow,Charlyne Yi,male,male
Victor Webster,Stockard Channing,female,male
Al Pacino,Johnny Depp,male,male
Beau Bridges,Mila Kunis,male,male
Olivia Wilde,Matt Bomer,male,female
Steve Howey,Ashley Williams,male,male
Jason Flemyng,Johnny Depp,male,male
Julia Roberts,Natalie Portman,male,male
Naomi Watts,Leonardo DiCaprio,male,male
Lena Olin,Aaliyah,male,female
Robert Davi,Adam Baldwin,male,female
Sissy Spacek,Brendan Fraser,male,male
Bob Gunton,Kevin Spacey,male,male
Steve Coogan,Anne Hathaway,male,male
Eddie Marsan,Will Smith,male,female
Rip Torn,Robert Downey Jr.,male,male
Tracy Morgan,Drake Bell,male,male
Portia de Rossi,Shannon Elizabeth,male,male
Richard T. Jones,Jim Gaffigan,male,female
Brooke Shields,Brendan Fraser,male,male
Alun Armstrong,Liam Neeson,female,female
Nat Faxon,Tim Meadows,female,male
Scott Glenn,Kevin Spacey,male,male
Ronny Cox,Gregory Smith,male,male
Jim Broadbent,Michiel Huisman,male,male
Martin Donovan,Mireille Enos,male,female
Mark Addy,Heath Ledger,female,female
Rip Torn,Kevin Zegers,male,male
Albert Finney,Archie Panjabi,male,female
Thomas Ian Nicholas,Adam Baldwin,male,male
Jesse Borrego,Delroy Lindo,male,male
Gregg Henry,Peter Coyote,male,female
Alice Englert,Tamsin Egerton,male,male
Sam Shepard,Salma Hayek,female,female
Aisha Tyler,Bill Cobbs,male,male
Ellen Burstyn,Hugh Jackman,male,male
Mark Valley,Nicolas Cage,male,female
Charlize Theron,Johnny Depp,male,male
Eva Marie Saint,Liam Aiken,male,female
Dennis Quaid,Gerard Butler,female,female
Kenan Thompson,Lin Shaye,male,male
Reggie Lee,Jason Statham,male,male
Kurt Fuller,Angelina Jolie Pitt,male,male
Ian McDiarmid,Harrison Ford,male,male
David Kross,Kate Winslet,male,male
Zooey Deschanel,Peter Dinklage,male,male
Kyra Sedgwick,Robert Duvall,male,male
Nichelle Nichols,James Coburn,male,male
Alfre Woodard,Bill Murray,female,male
Hayden Christensen,Paul Walker,male,male
Tony Curran,Brandon T. Jackson,female,female
Virginia Madsen,Logan Lerman,male,male
Jason Flemyng,Jason Statham,male,male
Mike Doyle,Frances Fisher,male,male
Marc Anthony,Nicolas Cage,male,male
RZA,Alice Braga,female,male
Olivia Wilde,Steve Buscemi,male,female
Beau Bridges,Tony Curran,female,male
Marlon Brando,Harrison Ford,male,female
Bruce Greenwood,Denzel Washington,male,male
Mika Boorem,Anthony Hopkins,male,male
Andre Braugher,Dennis Quaid,female,male
Kate McKinnon,Ed Begley Jr.,female,male
Norman Reedus,Chris Hemsworth,male,male
Adam Sandler,Steve Buscemi,male,male
Shannon Elizabeth,Alyson Hannigan,female,male
Alan Ruck,Keanu Reeves,female,male
Brendan Fraser,Harrison Ford,male,male
Denzel Washington,Ryan Gosling,female,male
David Oyelowo,Alex Pettyfer,male,male
Elizabeth Berkley,Stockard Channing,female,male
Bill Fagerbakke,Scarlett Johansson,male,male
Kevin Connolly,Ryan Gosling,female,female
Blythe Danner,George Carlin,male,male
Brad Pitt,Anthony Hopkins,male,male
Anna Kendrick,J.K. Simmons,male,female
June Squibb,Hope Davis,male,male
Mark Addy,Chazz Palminteri,male,female
Steve Carell,Meryl Streep,female,female
Jack McBrayer,Mila Kunis,male,male
Amy Poehler,Tina Fey,male,male
Harry Connick Jr.,Bill Cobbs,male,male
Steve Howey,Anne Hathaway,male,male
Judy Greer,Jennifer Garner,female,male
Brendan Fraser,Liam Neeson,female,male
Ethan Suplee,Johnny Depp,male,male
Nichelle Nichols,Leonard Nimoy,male,male
Fred Ward,George Kennedy,female,male
Harry Connick Jr.,Gerard Butler,female,male
Frankie Muniz,Bruce Greenwood,male,female
Alfie Allen,Benedict Cumberbatch,female,female
Larry David,Kate Upton,female,male
Christopher Lee,Johnny Depp,male,female
50 Cent,Jake Gyllenhaal,male,male
Alison Lohman,Bojana Novakovic,male,male
Michiel Huisman,Harrison Ford,male,male
Robert Duvall,Haley Joel Osment,male,male
Mika Boorem,Faizon Love,female,male
Mark Rendall,Danny Huston,female,male
Bradley Whitford,Chris Hemsworth,male,male
Diedrich Bader,Carmen Electra,male,male
Jim Belushi,Bill Murray,female,female
Kevin Connolly,Debi Mazar,female,female
Larry Miller,Bernie Mac,male,male
Josh Hopkins,Tika Sumpter,male,male
William Hurt,Meryl Streep,female,male
Costas Mandylor,Denzel Washington,male,male
Eddie Izzard,Rainn Wilson,male,male
Rhys Wakefield,Ioan Gruffudd,male,male
Kevin Sussman,Holly Hunter,female,male
Jacki Weaver,Alison Brie,male,male
Chris Noth,Bernie Mac,male,male
Daniel Stern,Olivia Wilde,female,male
Cameron Bright,Milla Jovovich,female,male
Drea de Matteo,Brian Dennehy,female,male
Anne Hathaway,Jake Gyllenhaal,male,male
Alicia Witt,Al Pacino,male,male
Charlize Theron,Jeremy Renner,male,male
Rick Gonzalez,Jennifer Ehle,male,male
Michael Greyeyes,Christian Bale,female,male
Aidan Quinn,Robert Downey Jr.,male,male
Lily Cole,Andrew Garfield,female,female
John Heard,Justin Timberlake,male,female
Mackenzie Crook,Al Pacino,male,female
Mike Vogel,Channing Tatum,female,male
Holly Valance,Steve Howey,male,male
Jeremy Renner,Brad Pitt,male,male
Michael Angarano,Jason Statham,male,female
Madeline Carroll,Gerard Butler,female,male
Thomas Kretschmann,Fisher Stevens,male,male
Clint Howard,Toby Jones,female,male
Jerry Stiller,Matthew Perry,female,female
Kevin McNally,Denzel Washington,male,female
Alfre Woodard,Zooey Deschanel,male,male
Billy Boyd,Jason Flemyng,male,male
Nina Arianda,Meryl Streep,female,female
Salma Hayek,Johnny Depp,male,female
Christian Bale,Ryan Gosling,female,female
Kevin Chamberlin,Imelda Staunton,female,male
Kevin Zegers,Ty Burrell,male,male
Judy Greer,Matthew McConaughey,male,male
Anjelica Huston,Bill Murray,female,male
Rebecca De Mornay,Clea DuVall,male,male
Danny Masterson,Gerard Butler,female,male
Steve Carell,Bella Thorne,male,female
Jason Flemyng,Liam Neeson,female,male
Oleg Taktarov,Robert Duvall,male,male
Amber Valletta,Madeline Carroll,male,male
Francis Capra,Mara Wilson,male,female
Clea DuVall,Jason Statham,male,male
Jake Gyllenhaal,J.K. Simmons,male,male
Mary Elizabeth Mastrantonio,Colin Salmon,male,male
Kurtwood Smith,Leonard Nimoy,male,male
Fionnula Flanagan,Ellen Burstyn,male,male
Bill Murray,Scarlett Johansson,male,female
Blythe Danner,America Ferrera,male,male
Jeremy Jordan,Dolly Parton,male,male
Scott Glenn,Dennis Quaid,female,male
William Hurt,Rufus Sewell,male,male
Lew Temple,Matthew McConaughey,male,male
Kevin Chamberlin,Harry Lennix,male,male
Colin Salmon,Charlotte Rampling,female,male
Romany Malco,Steve Carell,female,male
Boyd Holbrook,Liam Neeson,female,female
Michael Jeter,Robert Duvall,male,male
Michael Landes,Sarah Carter,male,female
Tim Blake Nelson,Holly Hunter,female,male
Kate Walsh,Dennis Quaid,female,male
Ty Burrell,Scarlett Johansson,male,male
Jake Gyllenhaal,Natalie Portman,male,male
Frankie Muniz,Daniel Roebuck,male,female
Mako,Christopher Lambert,male,male
Elizabeth Berkley,Woody Allen,male,male
Derek Luke,Ryan Reynolds,female,female
Danny Huston,Archie Panjabi,male,female
Dreama Walker,Clint Eastwood,male,female
Scott Glenn,Toby Jones,female,male
Holly Valance,Liam Neeson,female,male
Gerald McRaney,Luke Bracey,male,male
Mike Starr,Bill Cobbs,male,female
Embeth Davidtz,Liam Neeson,female,male
Bryce Dallas Howard,Emma Stone,female,male
Linda Cardellini,Sarah Michelle Gellar,female,male
Jason Ritter,Katharine Isabelle,male,female
Rob Paulsen,Martin Short,male,male
Ben Feldman,Mike Vogel,male,male
Tika Sumpter,Bruce McGill,male,male
Jim Broadbent,Colin Firth,male,male
Leslie Caron,Lena Olin,female,male
Bruce McGill,Mary Lynn Rajskub,female,male
Greta Gerwig,Natalie Portman,male,male
Dana Delany,Michael Biehn,male,male
Delroy Lindo,Jet Li,male,male
Zooey Deschanel,Josh Hutcherson,female,male
Kate Winslet,Johnny Depp,male,male
Tika Sumpter,Alicia Witt,male,male
Frank Grillo,Liam Neeson,female,male
Frankie Muniz,Daniel Roebuck,male,female
Kelly Macdonald,Colin Firth,male,female
F. Murray Abraham,Al Pacino,male,male
Michael McKean,Kelly Preston,male,female
Paul Sorvino,Heather Locklear,female,female
Eddie Griffin,Dave Chappelle,female,female
America Ferrera,Mike Vogel,male,male
Bridget Fonda,Jet Li,male,male
Katharine McPhee,Emma Stone,female,female
Keshia Knight Pulliam,Alfre Woodard,male,male
Suraj Sharma,Jon Hamm,male,male
Meryl Streep,Jeff Bridges,male,female
Oliver James,Colin Firth,male,male
Dan Fogler,Dane Cook,male,male
Tom Arnold,Jet Li,male,male
Stephen Dillane,Meryl Streep,female,male
Essence Atkins,Damon Wayans Jr.,female,male
Paul Hogan,Jere Burns,female,male
Lin Shaye,Bill Murray,female,male
Meryl Streep,Benedict Cumberbatch,female,female
Milla Jovovich,Denzel Washington,male,female
Marlon Brando,Johnny Depp,male,female
Jason Patric,Chris Evans,male,female
Jet Li,Jason Statham,male,male
Emily Watson,Adam Sandler,male,male
Nia Peeples,Claudia Christian,male,male
Rob Riggle,Tyler James Williams,male,male
Gillian Jacobs,Frank Langella,female,male
Jonathan Tucker,Laura Ramsey,female,female
Rupert Everett,Mark Valley,female,male
Emily Meade,Frank Grillo,male,male
Megan Mullally,Martin Starr,male,female
Jorma Taccone,Sissy Spacek,male,male
Joel David Moore,Chris Zylka,female,female
Chi McBride,Jennifer Garner,female,female
Michael Angarano,Heath Ledger,female,female
Frank Grillo,Tom Hardy,male,male
Liam Neeson,Alan Rickman,male,female
Zooey Deschanel,Charlie Hunnam,female,male
Madison Davenport,Kyra Sedgwick,male,male
Jane Krakowski,Brendan Fraser,male,male
Charlize Theron,Viggo Mortensen,male,male
Nick Cannon,Cheech Marin,male,female
Chris Klein,Eddie Cibrian,female,male
Kenan Thompson,Lin Shaye,male,male
Loretta Devine,Donald Faison,female,female
Christoph Waltz,Kate Winslet,male,female
Alison Lohman,Colin Firth,male,male
Aidan McArdle,Zoe Kazan,female,male
Shea Whigham,Nicolas Cage,male,male
Jenny McCarthy,Ed Begley Jr.,female,female
Brad Pitt,Michael Fassbender,male,male
Mackenzie Crook,Jason Flemyng,male,female
Nichelle Nichols,Leonard Nimoy,male,male
Jada Pinkett Smith,Omar Epps,male,male
Regina Hall,Romany Malco,male,male
Chris Penn,Dianne Wiest,male,female
David Hyde Pierce,Jeff Bridges,male,male
Jim Belushi,Minnie Driver,female,female
Jeff Bridges,Kevin Spacey,male,male
Eddie Griffin,Daniel Roebuck,male,female
Clea DuVall,Angelina Jolie Pitt,male,male
Robert Wagner,Willie Garson,male,male
Bob Hoskins,Kevin Spacey,male,male
M.C. Gainey,Paul Walker,male,male
Tom Berenger,Dwayne Johnson,male,female
Blythe Danner,Christian Bale,female,male
Bill Murray,Emma Stone,female,female
Thomas Kretschmann,Naomi Watts,male,male
Clint Howard,Adam Sandler,male,male
Kenny Baker,Harrison Ford,male,female
Philip Seymour Hoffman,Ryan Gosling,female,male
Ellen Barkin,Hugh Jackman,male,female
Dan Hedaya,Seymour Cassel,male,male
Michael Fassbender,Channing Tatum,female,male
Lin Shaye,Sarah Silverman,female,male
Eric Lloyd,Judge Reinhold,male,male
Jay Hernandez,Dennis Quaid,female,female
Kyra Sedgwick,Dwayne Johnson,male,male
Meryl Streep,Clint Eastwood,male,female
Charlotte Le Bon,Manish Dayal,male,male
Loretta Devine,Dianne Wiest,male,female
Neil Diamond,Amanda Detmer,male,male
Shannon Elizabeth,Will Ferrell,female,male
Steve Buscemi,Scarlett Johansson,male,male
Bruce Dern,Chris Noth,male,male
Channing Tatum,Scarlett Johansson,male,female
Paulo Costanzo,Rosario Dawson,female,male
Jim Carter,Richard E. Grant,female,male
Lily Tomlin,Naomi Watts,male,female
Alex Rocco,Brendan Fraser,male,male
Tom Arnold,Bradley Cooper,male,male
Sam Shepard,Christian Bale,female,female
Eric Idle,Minnie Driver,female,male
Ewen Bremner,Peter Dinklage,male,male
D.B. Sweeney,Keanu Reeves,female,male
Scott Glenn,Hunter Parrish,female,male
Loretta Devine,Omari Hardwick,female,female
Judge Reinhold,Madeline Carroll,male,male
Holly Hunter,Jake Gyllenhaal,male,female
Colin Firth,Benedict Cumberbatch,female,male
Cherry Jones,Jennifer Lawrence,male,male
Barry Corbin,Dolly Parton,male,male
Karen Allen,Harrison Ford,male,male
Christina Milian,Ian Somerhalder,male,female
Judge Reinhold,Dean Stockwell,male,male
Scott Glenn,Anthony Hopkins,male,male
Nick Zano,Jamie Lee Curtis,male,male
Aaron Yoo,Sarah Roemer,female,male
Bobby Coleman,Kelly Preston,male,male
Nick Cannon,Leonard Roberts,female,female
Cicely Tyson,Michael Jai White,female,male
Dianne Wiest,Johnny Depp,male,male
Emilia Clarke,Sam Claflin,female,male
Jay Hernandez,Mila Kunis,male,female
Carmen Electra,Alyson Hannigan,female,male
Rob Paulsen,Roger Rees,male,male
Phil Collins,Haley Joel Osment,male,female
Skye McCole Bartusiak,Barry Watson,female,male
John Fiedler,Kath Soucie,female,male
Carmen Electra,David Carradine,male,male
Justin Chambers,Jay Hernandez,female,male
Sarah Roemer,Sarah Michelle Gellar,female,female
George Carlin,Keanu Reeves,female,male
Maximilian Schell,Robert Forster,male,male
Dave Foley,Diedrich Bader,male,male
Harriet Walter,Brad Pitt,male,male
Abigail Spencer,Tina Fey,male,female
Meryl Streep,Philip Seymour Hoffman,male,female
Maurice LaMarche,Jeremy Shada,male,male
Ron Eldard,Isaiah Washington,female,female
Thomas Lennon,Patton Oswalt,male,male
Robert Wagner,Bill Murray,female,male
Kirsten Dunst,Kate Winslet,male,female
James Wolk,Jamie Lee Curtis,male,male
Chris Evans,Keanu Reeves,female,male
Laura Harring,Kay Panabaker,male,male
Luke Bracey,Leighton Meester,female,male
Frankie Muniz,Adam Goldberg,male,female
Tom Selleck,Alan Rickman,male,male
Larry Miller,Kevin Sussman,male,male
Vanessa Lengies,Jeff Bridges,male,female
Leo Howard,Jimmy Bennett,male,male
Taran Killam,Dane Cook,male,male
Bruce Greenwood,Alex Pettyfer,male,male
Adam Arkin,Mako,male,male
John Wood,Matthew Broderick,female,male
Don Cheadle,Adam Sandler,male,female
Sarah Silverman,Jon Heder,male,female
Deborah Kara Unger,Radha Mitchell,male,female
Brenda Blethyn,Kath Soucie,female,male
Holly Hunter,Robert Downey Jr.,male,female
Alex Rocco,Haley Joel Osment,male,male
Eddie Marsan,Naomi Watts,male,female
Lochlyn Munro,Thomas Lennon,male,female
Michael Kelly,Julia Roberts,male,male
Peter Gallagher,Bill Murray,female,female
Ari Graynor,Chris Evans,male,male
Ariel Gade,Amy Poehler,male,male
Chazz Palminteri,Jim Broadbent,male,male
Hope Davis,Nicolas Cage,male,male
Wes Studi,Fisher Stevens,male,female
Ashley Scott,Taylor Cole,male,male
Mia Farrow,Quinton Aaron,female,male
Christopher Guest,Bob Hoskins,male,male
Norman Reedus,Kate Winslet,male,male
Gaby Hoffmann,Natasha Lyonne,male,female
Ewen Bremner,Peter Dinklage,male,male
Kelly Preston,Aisha Tyler,male,male
Susie Essman,Miguel Ferrer,male,male
Nia Vardalos,Debbie Reynolds,male,male
Caity Lotz,Chris Brown,male,male
Eric McCormack,LeVar Burton,female,male
Dexter Fletcher,Jim Broadbent,male,male
Viggo Mortensen,Michael Fassbender,male,male
Keanu Reeves,Robert Downey Jr.,male,female
Abigail Spencer,Gerard Butler,female,female
Charlie Saxton,Scott Porter,female,female
Anne Heche,Cameron Bright,male,female
Ashley Williams,David Oyelowo,male,male
Michael Greyeyes,Landon Liboiron,male,male
Heath Ledger,Christian Bale,female,female
Jada Pinkett Smith,Minnie Driver,female,male
Noah Taylor,Ray Winstone,female,male
Jane Krakowski,Damon Wayans,female,male
Emily Watson,Christian Bale,female,male
Ellen Burstyn,Charlize Theron,male,male
Angelina Jolie Pitt,Brad Pitt,male,male
Costas Mandylor,Gerard Butler,female,male
Kirsten Dunst,Ryan Gosling,female,female
Jason Scott Lee,Esai Morales,male,female
Richard Schiff,Al Pacino,male,male
Reeve Carney,Djimon Hounsou,male,male
Aaron Ashmore,Emma Watson,female,male
Roger Rees,Milla Jovovich,female,male
Radha Mitchell,Nicolas Cage,male,male
Sally Hawkins,Toby Jones,female,female
John Michael Higgins,Justin Timberlake,male,male
Lin Shaye,Dan Byrd,male,male
W. Earl Brown,David Arquette,female,female
Embeth Davidtz,Shannon Elizabeth,male,male
Colm Feore,Mara Wilson,male,male
Anthony Hopkins,Liam Neeson,female,male
Kaitlin Olson,Adam Scott,female,female
Michael Biehn,Topher Grace,female,male
Rosie Perez,Holly Hunter,female,male
Meryl Streep,Nicolas Cage,male,female
Michael Jeter,Johnny Depp,male,male
Tina Fey,Jennifer Garner,female,male
Ken Davitian,Luenell,male,male
Raquel Welch,Linda Cardellini,male,male
Nichelle Nichols,Leonard Nimoy,male,male
Eddie Griffin,Amy Poehler,male,female
Sean Patrick Thomas,Harry Lennix,male,male
Louis Mandylor,Nia Vardalos,male,male
Amy Poehler,Tina Fey,male,male
Lindsay Duncan,Raoul Bova,male,male
Naomi Watts,Emma Stone,female,male
Charlie Tahan,Sally Hawkins,female,male
David Alan Basche,Christian Clemenson,male,female
Celia Weston,Collette Wolfe,male,female
Kay Panabaker,Kelsey Grammer,male,male
Susan May Pratt,Amanda Schull,female,female
Alex Borstein,Olivia Wilde,female,male
Hayden Christensen,Ian Somerhalder,male,male
Michael Fassbender,Kate Winslet,male,male
Ari Graynor,Steve Buscemi,male,male
Jamie Lee Curtis,Daniel Radcliffe,male,male
Kate Burton,Joan Allen,male,female
Bill Murray,Johnny Depp,male,female
Kate Winslet,J.K. Simmons,male,male
Gerard Butler,Tom Hardy,male,female
Sam Shepard,Kirsten Dunst,female,female
Stockard Channing,Woody Allen,male,female
Colin Firth,Jeremy Irvine,male,male
Randy Quaid,Clint Howard,male,female
Meat Loaf,Adam Goldberg,male,female
Joaquim de Almeida,Tom Berenger,female,male
Rebecca De Mornay,Sam Trammell,male,male
Keshia Knight Pulliam,Vanessa Ferlito,male,male
Chazz Palminteri,Anne Hathaway,male,male
Mary J. Blige,Jennifer Hudson,female,male
Sarah Michelle Gellar,Muse Watson,male,female
Damon Wayans Jr.,Rob Riggle,male,female
Molly Shannon,Liam Aiken,male,male
Common,Ryan Reynolds,female,male
Vinessa Shaw,Emmanuelle Vaugier,male,male
Olivia Wilde,Jeff Bridges,male,female
Chris Kattan,Will Ferrell,female,male
Loretta Devine,Brandon T. Jackson,female,female
Hana Mae Lee,Anna Kendrick,female,female
Brian Dennehy,Marc Blucas,female,female
Ethan Embry,Alexander Gould,female,male
Larry the Cable Guy,Thomas F. Wilson,female,male
Harland Williams,Nia Vardalos,male,male
Dennis Quaid,Judy Greer,male,female
Chazz Palminteri,Paul Walker,male,male
Jeremy Northam,Aidan Quinn,male,male
Eddie Marsan,Rufus Sewell,male,female
Brady Corbet,Josh Hutcherson,female,male
Ty Burrell,Robert Downey Jr.,male,male
Eddie Marsan,Rufus Sewell,male,female
Kate Winslet,Alan Rickman,male,male
Julie Walters,Anne Hathaway,male,female
Kim Dickens,Frances Fisher,male,male
Mike Starr,Lauren Holly,male,female
Ron Lester,Paul Walker,male,male
Atticus Shaffer,Gary Oldman,male,male
Jordana Brewster,Matt Bomer,male,male
Angus T. Jones,Leslie Bibb,female,male
Erik Per Sullivan,Brittany Daniel,female,male
Debi Mazar,Jada Pinkett Smith,male,female
Kevin Dunn,Scarlett Johansson,male,male
Jay Hernandez,Mila Kunis,male,female
Amanda Detmer,Alyson Hannigan,female,male
Amy Sedaris,J.K. Simmons,male,male
Jamie Lee Curtis,Will Ferrell,female,male
Lena Olin,Robert Pattinson,male,female
Alexandra Holden,Dylan Baker,male,male
Craig Bierko,Gretchen Mol,female,male
Debra Messing,Woody Allen,male,male
Lin Shaye,Natasha Lyonne,male,male
Jon Polito,Christopher Lambert,male,male
Omar Benson Miller,Alison Lohman,male,female
Dagmara Dominczyk,Jeremy Renner,male,male
Jodie Whittaker,Viggo Mortensen,male,male
Emily Alyn Lind,Paz de la Huerta,female,female
Tim Blake Nelson,Barry Corbin,male,male
Gregg Henry,Dustin Milligan,male,female
Ronny Cox,Judge Reinhold,male,male
Ted Danson,Tom Selleck,male,male
Sydney Pollack,Bill Murray,female,male
Peter Gallagher,Kevin Spacey,male,female
Jennifer Ehle,Colin Firth,male,male
Tony Jay,Kelly Preston,male,female
Rory Kinnear,Benedict Cumberbatch,female,female
Megan Charpentier,Javier Botet,female,male
Kirsten Dunst,Christian Bale,female,female
Roger Allam,Daniel Radcliffe,male,male
Tessa Thompson,Madeline Carroll,male,female
Donald Faison,Frankie Muniz,female,female
Conchata Ferrell,Adam Scott,female,female
Salma Hayek,Jordana Brewster,male,female
Anna Kendrick,Jake Gyllenhaal,male,female
Bradley Cooper,Emma Stone,female,male
Leslie Bibb,Paul Walker,male,female
Regina Hall,Greg Grunberg,male,male
Thomas Ian Nicholas,Jamie Lee Curtis,male,male
Jason Flemyng,Liam Neeson,female,male
Carol Kane,Robin Wright,male,female
Albert Brooks,Ryan Gosling,female,female
Carol Kane,Adam Garcia,female,female
Tim Daly,Liam Aiken,male,male
Luke Benward,Cicely Tyson,male,female
Katy Mixon,Bradley Cooper,male,male
Hutch Dano,Sierra McCormick,male,female
Nicole Ari Parker,Don Cheadle,female,male
Rosanna Arquette,Kieran Culkin,male,female
Daniella Alonso,Jeff Kober,male,male
Joey Lawrence,Loretta Devine,female,male
Sissy Spacek,William Hurt,male,male
Ethan Embry,Bruce Greenwood,male,male
Ben Mendelsohn,Ryan Gosling,female,male
Christian Camargo,Jeremy Renner,male,male
Sam Shepard,Brad Pitt,male,female
Harland Williams,Rip Torn,male,male
Adrian Paul,Christopher Lambert,male,male
Faizon Love,Cicely Tyson,male,female
Jim Sturgess,Anne Hathaway,male,female
Jimmy Fallon,Daniel Stern,male,female
Bradley Whitford,Jeff Bridges,male,male
Larry David,Woody Allen,male,male
Kyla Pratt,Trevor Morgan,female,male
RZA,Rick Yune,female,male
Chris Klein,Bruce Greenwood,male,male
Rebecca De Mornay,Oliver James,male,male
Jeff Bridges,Philip Seymour Hoffman,male,male
Archie Panjabi,Angelina Jolie Pitt,male,male
Neil Flynn,Logan Lerman,male,male
S. Epatha Merkerson,Tyler James Williams,male,male
Bradley Cooper,Emma Stone,female,male
Michael McKean,Larry David,male,female
Susan Ward,Matthew Settle,female,male
Corbin Bernsen,Robert Downey Jr.,male,female
Robert Forster,Naomi Watts,male,male
Agnes Bruckner,Olivier Martinez,male,male
Naomi Watts,Anthony Hopkins,male,male
Eduardo Noriega,Thomas Kretschmann,male,male
Pamela Reed,Curtis Armstrong,male,female
Elizabeth Perkins,Meat Loaf,female,male
Siobhan Fallon Hogan,Naomi Watts,male,female
Bill Cobbs,Steve Buscemi,male,male
Scott Glenn,Dean Stockwell,male,male
JJ Feild,Michael Fassbender,male,male
Brooke Shields,Bradley Cooper,male,male
Al Pacino,Channing Tatum,female,male
Hans Matheson,Anna Friel,male,male
Steve Buscemi,Liam Neeson,female,male
Chris Elliott,Bill Murray,female,male
Channing Tatum,Matt Bomer,male,female
Aidan Quinn,Kristin Scott Thomas,male,male
David Rasche,Sharon Leal,female,female
Andrea Martin,Martin Short,male,male
Linda Kozlowski,Paul Hogan,male,male
Madison Davenport,Kyra Sedgwick,male,male
Laz Alonso,Chris Brown,male,male
Loretta Devine,Alicia Witt,male,female
Jim Broadbent,Meryl Streep,female,male
Mike Nawrocki,Phil Vischer,male,male
W. Earl Brown,John Witherspoon,male,female
Milla Jovovich,Chris Hemsworth,male,female
Lance Gross,America Ferrera,male,male
Linda Cardellini,Alyson Hannigan,female,male
Joan Plowright,Lily Tomlin,female,male
Delroy Lindo,Alfre Woodard,male,male
Donald Faison,Frankie Muniz,female,female
Nick Cannon,Anthony Hopkins,male,female
Julie Kavner,Viggo Mortensen,male,male
Kristin Scott Thomas,Colin Firth,male,male
Katherine LaNasa,John Heard,female,female
Kieran Culkin,Matt Damon,female,male
Kenan Thompson,Steve Howey,male,male
Rebecca De Mornay,Madeline Carroll,male,male
Heath Ledger,Jake Gyllenhaal,male,female
Danny Woodburn,Noel Fisher,male,female
Dan Hedaya,Donald Faison,female,male
Celia Weston,Dennis Quaid,female,female
Gillian Jacobs,Adam Scott,female,male
Gabourey Sidibe,Abbie Cornish,male,female
Tamara Tunie,Colm Feore,male,female
Bruno Ganz,Thomas Kretschmann,male,male
Mila Kunis,Natalie Portman,male,male
Abbie Cornish,Gary Oldman,male,male
Terry Kinney,Sean Patrick Thomas,male,female
Mary Lynn Rajskub,Jennifer Garner,female,female
Naomi Watts,Bill Murray,female,male
Eddie Griffin,Zooey Deschanel,male,female
Mark Webber,Chris Elliott,male,female
Elliott Gould,Bokeem Woodbine,female,male
Kate del Castillo,Leslie Bibb,female,female
Alexa Davalos,Toby Jones,female,male
Jay Hernandez,Kirsten Dunst,female,female
Virginia Madsen,J.K. Simmons,male,male
Jada Pinkett Smith,LL Cool J,male,male
Jacob Tremblay,Joan Allen,male,male
Will Ferrell,Ryan Reynolds,female,female
David Dencik,Michael Nyqvist,female,male
Geoffrey Arend,Jake Gyllenhaal,male,female
Miranda Richardson,Steve Buscemi,male,male
Kathryn Morris,Harry Lennix,male,male
Sarita Choudhury,Tina Fey,male,male
Jake Gyllenhaal,Natalie Portman,male,male
Ezra Miller,Logan Lerman,male,male
Ian Gomez,Burt Young,male,female
Isabella Rossellini,Toby Jones,female,male
Sarah Polley,Milla Jovovich,female,male
Alison Lohman,Djimon Hounsou,male,male
Kevin Connolly,Denzel Washington,male,female
Gary Oldman,Brad Pitt,male,male
Matt Smith,Eva Green,male,female
Al Pacino,Kevin Spacey,male,male
Ned Beatty,Liam Aiken,male,female
Margo Harshman,Julian Morris,female,female
Shannon Elizabeth,Alyson Hannigan,female,male
Megan Mullally,Mackenzie Foy,male,female
Romany Malco,Chris Brown,male,male
Barry Corbin,Matthew Broderick,female,male
Viggo Mortensen,Harrison Ford,male,male
Alyson Stoner,Channing Tatum,female,male
Alex Russell,Michael Kelly,male,male
Tobias Menzies,Eva Green,male,female
Roger Rees,Salma Hayek,female,male
Sam Trammell,Shailene Woodley,male,male
Martin Landau,Matt Damon,female,male
Romany Malco,Rosario Dawson,female,male
Mare Winningham,Steve Coogan,male,female
Erika Christensen,Alicia Witt,male,male
Cara Delevingne,Nat Wolff,male,female
Marsha Thomason,Michael Imperioli,male,male
Amber Valletta,Noel Fisher,male,male
Patton Oswalt,Charlize Theron,male,male
Edi Gathegi,Jason Statham,male,male
Eddie Cibrian,Holly Hunter,female,female
Laz Alonso,Common,male,male
Rosemarie DeWitt,Anne Hathaway,male,male
Colin Firth,Scarlett Johansson,male,male
Marc Blucas,Dennis Quaid,female,female
Dave Chappelle,Sarah Silverman,female,female
Kurtwood Smith,Christopher Lambert,male,male
Joseph Cross,Jill Clayburgh,male,female
Kelly Clarkson,Anika Noni Rose,male,male
Debi Mazar,Michael Imperioli,male,female
Vinessa Shaw,Isabella Rossellini,male,male
Ray Winstone,Bob Hoskins,male,female
Treat Williams,Robert Duvall,male,female
Alden Ehrenreich,Mia Wasikowska,male,female
Stephen Rea,Tony Curran,female,male
Isaiah Washington,Michael Jeter,male,female
Anne Bancroft,Kyra Sedgwick,male,male
Tom Arnold,Jon Heder,male,male
Brad Pitt,Jason Statham,male,male
Matt Prokop,Lucas Grabeel,male,male
Jack McGee,Christian Bale,female,female
Tom Berenger,Corbin Bernsen,female,female
Rupert Everett,Lily Cole,female,male
Peter Coyote,Lauren German,female,male
Celia Weston,Lois Smith,male,female
Sean Patrick Thomas,Sarah Michelle Gellar,female,male
Alicia Keys,Nate Parker,female,female
Vinessa Shaw,Vincent Pastore,male,male
Jason London,Lee Majors,female,male
John Witherspoon,Will Ferrell,female,male
Jake Busey,Shannon Elizabeth,male,male
Frances Fisher,Ryan Reynolds,female,male
Leonardo DiCaprio,Johnny Depp,male,male
Sally Hawkins,Eddie Marsan,female,female
Dash Mihok,Michael McKean,female,female
Chazz Palminteri,Anjelica Huston,male,male
Max Casella,Justin Timberlake,male,male
Steve Buscemi,Kate Winslet,male,male
Sean Harris,Sam Riley,female,male
Costas Mandylor,Julie Benz,male,male
Rupert Everett,Minnie Driver,female,male
Giancarlo Giannini,Lena Olin,female,male
Marc Donato,William Hurt,male,male
Taylor Handley,Jon Gries,female,female
Anthony Hopkins,Al Pacino,male,male
Lindsay Sloane,Kirsten Dunst,female,male
Clea DuVall,Paul Walker,male,male
Keegan Connor Tracy,Deborah Kara Unger,female,male
Cicely Tyson,Boris Kodjoe,male,male
Clea DuVall,Sarah Michelle Gellar,female,male
Kevin Nealon,Adam Sandler,male,male
George Carlin,Keanu Reeves,female,male
Bokeem Woodbine,Bojana Novakovic,male,female
Mike Epps,John Witherspoon,male,male
Hayley Kiyoko,Lin Shaye,male,male
Brad Pitt,Jason Statham,male,male
Alexis Dziena,Ari Graynor,male,male
Shiri Appleby,Erika Christensen,male,male
Danny Woodburn,Dane Cook,male,female
Lauren Ambrose,Ethan Embry,male,male
Oona Laurence,Bryce Dallas Howard,male,male
Curtis Armstrong,Omari Hardwick,female,male
Jessica Capshaw,Marley Shelton,male,male
Will Patton,Milla Jovovich,female,female
Virginia Madsen,Meryl Streep,female,male
Donald Faison,David Zayas,male,female
Jane Krakowski,Julia Ormond,male,male
Chris Noth,Ben Feldman,male,male
Lindy Booth,Kevin Zegers,male,male
David Carradine,Dennis Quaid,female,male
Noureen DeWulf,Rob Riggle,male,male
Kirsten Dunst,Mila Kunis,male,female
Danny Huston,Christoph Waltz,female,female
Alexa PenaVega,Steve Carell,female,male
Kate Winslet,Hugh Jackman,male,male
Angelina Jolie Pitt,Johnny Depp,male,male
Johanna Braddy,Daniel Sharman,male,male
Kelsey Grammer,Nathan Lane,male,male
Randy Quaid,Bernadette Peters,male,female
Gillian Jacobs,Jennifer Ehle,male,male
Tamala Jones,Jerry Stiller,female,female
Toby Huss,Christian Bale,female,male
Jennifer Garner,Al Pacino,male,female
Evan Ross,Judy Greer,male,female
Michael Wincott,Gary Oldman,male,male
Loretta Devine,Don Cheadle,female,female
Kevin Nealon,Don Johnson,male,male
Anne Hathaway,Charlie Hunnam,female,male
Melanie Griffith,Alicia Witt,male,male
Minnie Driver,Philip Seymour Hoffman,male,female
Lee Majors,Jenna Fischer,male,female
Jeanne Tripplehorn,Bruce Greenwood,male,male
Justin Timberlake,Jeff Bridges,male,male
Scott Porter,Adrian Martinez,female,female
Tamala Jones,Mike Epps,male,female
Rip Torn,Zooey Deschanel,male,male
Kevin Zegers,Jim Sturgess,female,male
Tom Arnold,Drake Bell,male,male
Ayelet Zurer,Veronica Ferres,male,male
Jesse Moss,Jimi Mistry,male,male
Mike Epps,John Witherspoon,male,male
Jordana Brewster,Hayden Christensen,male,male
Jim Broadbent,Robert Downey Jr.,male,male
Alessandro Preziosi,Riccardo Scamarcio,male,male
Lauren German,Rosario Dawson,female,female
Fred Willard,Ethan Embry,male,male
Gary Oldman,Jeff Bridges,male,male
David Zayas,Philip Seymour Hoffman,male,male
Rory Culkin,Kieran Culkin,male,male
Drew Fuller,Bill Cobbs,male,male
Garry Shandling,Billy Crudup,male,male
Amy Poehler,Steve Coogan,male,male
Eddie Izzard,Christian Bale,female,male
Heather Morris,Lea Michele,male,male
Vince Colosimo,Jacqueline McKenzie,female,female
Kip Pardue,Fisher Stevens,male,male
Erika Christensen,Sarah Michelle Gellar,female,male
Linda Kozlowski,Paul Hogan,male,male
Sarah Polley,Stephen Graham,male,male
Fisher Stevens,Hayden Christensen,male,male
Mike Dopud,Michael Jai White,female,female
Beth Grant,Jeff Bridges,male,female
Christina Milian,Djimon Hounsou,male,female
Chris Klein,Matthew Broderick,female,male
Romany Malco,Bella Thorne,male,male
Cicely Tyson,Abigail Spencer,female,male
Paul Schneider,Abbie Cornish,male,female
Chris Penn,Dianne Wiest,male,female
Paris Hilton,Alexa PenaVega,male,male
Marques Houston,Jennifer Freeman,male,male
Lynn Whitfield,Faizon Love,female,male
Denzel Washington,Keanu Reeves,female,male
Mark Webber,Stephen Collins,female,female
Sean Michael Afable,Curtis Armstrong,male,male
Harland Williams,Dave Chappelle,female,male
Frances Conroy,J.K. Simmons,male,male
Amr Waked,Matt Damon,female,male
Zooey Deschanel,Jake Gyllenhaal,male,male
Julie Benz,Norman Reedus,male,male
Omar Metwally,Alexandra Maria Lara,female,female
Ben Falcone,Christopher Nicholas Smith,male,male
Dan Byrd,Emma Stone,female,male
Joe Morton,Jada Pinkett Smith,male,male
Imelda Staunton,Jim Broadbent,male,female
Isabelle Huppert,Catherine Deneuve,male,male
Jim Broadbent,Colin Firth,male,male
Marina Sirtis,Faye Dunaway,male,female
Bruce Dern,Hunter Parrish,female,male
Robin Wright,Robert Downey Jr.,male,male
Eddie Griffin,Will Ferrell,female,female
Rupert Everett,Rupert Grint,male,male
Brad Renfro,Brian Dennehy,female,male
Olivia Wilde,Paul Walker,male,female
Ben Miles,Celia Imrie,male,male
Lucy Fry,Mckenna Grace,female,male
Reda Kateb,Viggo Mortensen,male,male
Cameron Bright,J.K. Simmons,male,male
Lauren German,Jay Hernandez,female,female
Beau Bridges,Joely Richardson,male,male
Chi McBride,Jason Patric,female,female
Mila Kunis,J.K. Simmons,male,male
Cheech Marin,Jeff Bridges,male,male
Loretta Devine,Don Cheadle,female,female
Michael McElhatton,Mia Wasikowska,male,male
Gena Rowlands,Catherine Deneuve,male,female
Jennifer Garner,J.K. Simmons,male,female
Marlon Brando,Al Pacino,male,female
Alex Pettyfer,Channing Tatum,female,male
Emma Caulfield,Sullivan Stapleton,male,female
Frankie Muniz,Clint Howard,male,female
Elizabeth Debicki,Leonardo DiCaprio,male,female
Sarah Polley,Milla Jovovich,female,male
Adam Goldberg,Kirsten Dunst,female,male
Michael Jordan,Bill Murray,female,male
Alyson Hannigan,Sarah Michelle Gellar,female,female
Rick Fox,Kimberly Elise,female,male
Omar Epps,LL Cool J,male,male
Helen McCrory,Albert Finney,female,female
Fred Melamed,Michael Stuhlbarg,female,female
Robert Duvall,Bill Murray,female,male
Richard E. Grant,Julian Sands,male,female
Nate Parker,Minnie Driver,female,female
Randy Couture,Alice Braga,female,male
Tim Guinee,Matt Walsh,female,male
Michael McKean,Ed Begley Jr.,female,female
Jimmy Fallon,Hayden Christensen,male,female
Siobhan Fallon Hogan,Ezra Miller,male,female
Hans Matheson,Samantha Barks,male,male
Marley Shelton,Ellen Burstyn,male,male
Jimmy Smits,Naomi Watts,male,male
Casey Affleck,Matt Damon,female,male
Mike Starr,Chris Hemsworth,male,female
Julie Walters,Emily Watson,male,female
David Della Rocco,Norman Reedus,male,male
Bruce Dern,Alden Ehrenreich,female,male
Chris Penn,Clint Eastwood,male,female
Adam Goldberg,Milla Jovovich,female,male
Corbin Bleu,Lucas Grabeel,male,male
John Heard,Rory Culkin,male,female
Nolan Gerard Funk,Jennifer Lawrence,male,male
Annabelle Wallis,Alfre Woodard,male,male
Frances Conroy,Curtis Armstrong,male,male
Jay Mohr,Sarah Polley,male,female
Nicole Beharie,Michael Fassbender,male,female
Sally Hawkins,Tom Hardy,male,female
Jason Mewes,Ethan Suplee,male,male
Tom Berenger,Johnny Depp,male,female
Elizabeth McGovern,Adam Baldwin,male,male
Steve Coogan,Jim Broadbent,male,male
Tamala Jones,Omar Epps,male,female
Chazz Palminteri,Kevin Spacey,male,male
Curtis Armstrong,Ryan Reynolds,female,male
Christopher Guest,Michael McKean,female,male
Kevin McNally,Jeanne Tripplehorn,male,female
Clarence Williams III,Corbin Bernsen,female,female
Simon McBurney,David Oyelowo,male,male
Daryl Hannah,Charlotte Rampling,female,female
Bud Cort,John Heard,female,male
Bradley Cooper,J.K. Simmons,male,male
Adrian Martinez,Will Ferrell,female,female
Fionnula Flanagan,Don Cheadle,female,male
Dylan Baker,Sarah Michelle Gellar,female,male
Jason Dohring,Francis Capra,female,male
Rosario Dawson,Hayden Christensen,male,female
Jane Fonda,Meryl Streep,female,male
Scott Glenn,Matthew McConaughey,male,male
Kevin Tighe,Catherine Bell,male,female
M. Emmet Walsh,Pruitt Taylor Vince,female,female
Olivia Wilde,Charlie Hunnam,female,female
Chris Penn,Ryan Gosling,female,female
Michael Jai White,Billy Burke,male,female
Edie Falco,Miguel Ferrer,male,male
Ben Cross,Alice Krige,female,male
Kimberly Elise,Cicely Tyson,male,female
Steve Buscemi,Scarlett Johansson,male,male
Jim Broadbent,Kate Winslet,male,male
Luke Kirby,Paul Sorvino,female,male
Steven Mackintosh,Anupam Kher,male,female
Paddy Considine,Bob Hoskins,male,male
Barbara Hershey,Lin Shaye,male,male
Sprague Grayden,Johanna Braddy,male,male
Shelley Hennig,Lin Shaye,male,female
Tom Arnold,Johnny Depp,male,male
Bruce Dern,Charlize Theron,male,male
Anne Bancroft,Anthony Hopkins,male,male
Jennifer Garner,Matthew McConaughey,male,female
Jason Mewes,Ethan Suplee,male,male
Liam James,Steve Carell,female,male
Xander Berkeley,Faye Dunaway,male,male
Adam Scott,Zooey Deschanel,male,female
Tony Curran,William Hurt,male,female
Edwin Hodge,Ben Feldman,male,male
Louis Mandylor,Nia Vardalos,male,male
William Sanderson,David Carradine,male,female
Ryan Robbins,Warren Christie,female,female
Claire Geare,Sterling Jerins,female,male
Mike Epps,Fred Willard,male,male
Brandy Norwood,Donald Faison,female,male
Carl Weathers,Harrison Ford,male,male
Joel David Moore,Linda Cardellini,male,female
Matt Berry,Kevin Spacey,male,male
Sarah Polley,Bruce Greenwood,male,male
Jane Adams,Dana Delany,male,male
Jon Tenney,Dianne Wiest,male,female
Mark Webber,Alia Shawkat,female,female
Greg Germann,Joaquim de Almeida,male,female
Joe Mantegna,Viggo Mortensen,male,male
Ellen Burstyn,Adam Scott,female,male
John Heard,Ethan Suplee,male,female
Jacqueline Bisset,Adam Garcia,female,female
Dylan Minnette,Holly Hunter,female,female
Natasha Henstridge,Michael Rapaport,male,female
Haley Joel Osment,Johnny Depp,male,male
Dwight Yoakam,Robert Duvall,male,male
Imelda Staunton,Isaac Hempstead Wright,male,female
Shirley Henderson,Steve Coogan,male,male
Shea Whigham,Katy Mixon,male,male
Lukas Haas,Alex Rocco,male,male
Julie Walters,Rupert Grint,male,female
Greg Grunberg,Donald Faison,female,male
Kristin Scott Thomas,Ryan Gosling,female,male
Rosario Dawson,Philip Seymour Hoffman,male,female
Mary McDonnell,Jake Gyllenhaal,male,female
Nicholas Gonzalez,Patrick Fugit,male,female
Jason Flemyng,Jason Statham,male,male
James Fox,Ray Winstone,female,female
Cara Delevingne,Hugh Jackman,male,female
Corbin Bleu,Lucas Grabeel,male,male
Miranda Richardson,Jim Broadbent,male,male
Bill Murray,Scarlett Johansson,male,female
Carol Kane,Woody Allen,male,female
Peter Boyle,Heath Ledger,female,female
Valeria Golino,Nicolas Cage,male,female
Dylan Minnette,Holly Hunter,female,female
Mia Wasikowska,Josh Hutcherson,female,male
Lorelei Linklater,Ellar Coltrane,male,male
Kevin McNally,Scarlett Johansson,male,female
Dr. Dre,Angell Conwell,male,male
Paul Sorvino,Estella Warren,male,female
Emily Meade,Frank Grillo,male,male
Essence Atkins,Ashley Rickards,female,male
Faye Dunaway,Ian Somerhalder,male,male
Chi McBride,Dylan Baker,male,female
Alicia Witt,Salma Hayek,female,male
Michael Angarano,Anna Gunn,male,female
Blair Underwood,Michael Angarano,female,male
Kathleen Robertson,Lauren Ambrose,male,male
Frances Fisher,Craig Ferguson,female,male
Naomi Watts,Robin Wright,male,male
Marg Helgenberger,Keanu Reeves,female,male
Ezra Miller,George Kennedy,female,male
Rosemarie DeWitt,Debra Messing,male,male
Faye Dunaway,Robert Duvall,male,male
Laz Alonso,Snoop Dogg,male,male
Frank Langella,Liam Neeson,female,female
Larenz Tate,Jada Pinkett Smith,male,male
Holt McCallany,George Kennedy,female,male
Lynn Redgrave,Brendan Fraser,male,male
Fred Willard,Frances Conroy,male,male
Will Ferrell,Zooey Deschanel,male,female
Geoff Stults,Jordana Brewster,male,male
Elizabeth Berkley,Fisher Stevens,male,male
Mark Valley,Michael Emerson,female,female
Jake Busey,Alexa PenaVega,male,male
Melissa Benoist,J.K. Simmons,male,male
Kenan Thompson,Geoff Stults,male,male
Shirley Henderson,Kelly Macdonald,female,male
Bill Cobbs,Kevin Zegers,male,male
Dave Chappelle,Common,male,female
LisaGay Hamilton,Blair Underwood,male,female
Donald Faison,Omari Hardwick,female,female
Deon Richmond,Donald Faison,female,male
Kimberly Elise,Loretta Devine,female,female
Jimi Mistry,Archie Panjabi,male,male
Zach Galligan,Julian Sands,male,male
George Hamilton,Kristy Swanson,female,female
Judy Greer,Julie Benz,male,male
Michael Wincott,Gary Oldman,male,male
Haley Joel Osment,Johnny Depp,male,male
Dan Hedaya,Bokeem Woodbine,female,male
Megalyn Echikunwoke,Greta Gerwig,male,male
Adam Scott,Kirsten Dunst,female,female
Aaron Ashmore,Virginia Madsen,male,male
Patti LuPone,Gretchen Mol,female,male
Lauren German,Michael Biehn,male,female
Iben Hjejle,Aidan Quinn,male,female
Alan Rickman,Johnny Depp,male,male
Amy Sedaris,Tom Everett Scott,female,male
Amy Poehler,Christopher Meloni,female,male
Shantel VanSanten,Julian Morris,female,male
Stacy Keach,Mike Starr,female,female
Charlize Theron,Johnny Depp,male,male
Debbie Reynolds,Rita Moreno,female,male
Alanna Ubach,Essence Atkins,male,female
Elden Henson,William Hurt,male,male
Sheryl Crow,Larry David,male,male
Diana Scarwid,Bruce McGill,male,male
Anupam Kher,Larry Miller,male,male
Jacob Vargas,Leonor Varela,male,male
Rainn Wilson,Linda Cardellini,male,male
Harry Lennix,Bernie Mac,male,male
Ellen Burstyn,Topher Grace,female,male
Delroy Lindo,Alexa PenaVega,male,male
Martha Higareda,Rosie Perez,male,male
Sarah Clarke,Holly Hunter,female,male
Brad William Henke,Najarra Townsend,male,female
Emily Ratajkowski,Vanessa Lengies,female,male
Christian Bale,J.K. Simmons,male,female
Leonor Varela,David Oyelowo,male,male
Enrico Colantoni,Julia Roberts,male,female
Amy Sedaris,Stephen Colbert,female,male
Jon Tenney,Anne Hathaway,male,female
Zoe Kazan,Bruce Greenwood,male,female
Steve Buscemi,Peter Dinklage,male,male
Caleb Landry Jones,Jeremy Irvine,male,male
Jansen Panettiere,Alex Kendrick,male,female
Jeremy Jordan,Anna Kendrick,female,male
Amy Ryan,Merritt Wever,female,female
Chris Evans,Jason Statham,male,male
Kate Burton,Brad William Henke,female,female
Megan Mullally,Martin Starr,male,female
Lee Evans,Colin Salmon,male,female
Tim Daly,Steven Weber,female,male
Lew Temple,Mircea Monroe,male,male
M.C. Gainey,Jake Gyllenhaal,male,male
Daniel Roebuck,Keanu Reeves,female,male
Anthony Edwards,Peter Coyote,male,male
Samantha Mathis,Ryan Reynolds,female,male
Paddy Considine,Craig Roberts,female,male
Lin Shaye,Johnny Depp,male,male
Ashley Bell,Caleb Landry Jones,male,male
David Patrick Kelly,Aidan Quinn,male,male
Bill Irwin,Donna Murphy,male,male
Bruce Dern,Clint Eastwood,male,male
CJ Adams,Natasha Henstridge,female,female
Eugenio Derbez,America Ferrera,male,male
Joan Allen,Shirley Henderson,male,male
Clifton Powell,Eddie Griffin,female,male
Marisa Coughlan,Judy Greer,male,male
Kevin Zegers,Ty Burrell,male,male
Cheryl Hines,Lew Temple,male,female
Barbara Hershey,Lin Shaye,male,male
Alia Shawkat,Donald Glover,male,female
Connor Paolo,Michael Angarano,female,male
Aidan Quinn,Brian Dennehy,female,male
Michael Rapaport,Chazz Palminteri,male,male
Balthazar Getty,Timothy Hutton,male,male
Jason Flemyng,Jason Statham,male,male
Bruce McGill,Barry Corbin,male,male
Debi Mazar,Steve Buscemi,male,female
Karen Allen,Eric Dane,female,male
Adam Goldberg,Judy Greer,male,male
John Heard,Daniel Stern,male,female
Riley Keough,Mary Lynn Rajskub,female,male
Jon Hamm,Keanu Reeves,female,male
Rory Culkin,Matthew Broderick,female,male
Clea DuVall,Natasha Lyonne,male,male
